prompt_num,strategy,tokens_per_sec,time_sec,tokens,response
1,Greedy,28.75,5.22,150,"Tesla's annual report mentions the following key financial risks:

1. Investment in research and development: Tesla has a significant investment in research and development, which can lead to increased costs and delays in the production of its electric vehicles.

2. Supply chain disruptions: Tesla's supply chain is highly dependent on third-party suppliers, which can be disrupted by natural disasters, labor disputes, or other events.

3. Competitive pressures: Tesla faces intense competition from established automakers and electric vehicle manufacturers, which can lead to reduced demand for its products and increased costs.

4. Cyber"
1,Beam Search,12.0,12.5,150,"Here are the key financial risks mentioned in Tesla's annual report:

1. Investment Risks: Tesla faces significant investment risks related to the development and commercialization of its electric vehicle (EV) and energy storage technologies.

2. Supply Chain Risks: Tesla's supply chain is highly dependent on third-party suppliers, and any disruptions to these suppliers could have a significant impact on Tesla's financial performance.

3. Competition Risks: Tesla faces significant competition from established automakers and electric vehicle (EV) manufacturers, which could negatively impact its revenue and profitability.

"
1,Top-K,31.2,4.81,150,"1. Accounting and auditing risks: Tesla is involved in complex financial and accounting structures, which might cause difficulty in determining the company's financial performance. The report also notes potential errors in financial reporting, such as the incorrect recording of inventory or assets.

2. Supply chain risks: Tesla relies on suppliers for a range of components and materials. Any supply chain disruption or delay could impact the production and delivery of Tesla's vehicles.

3. Deflation risk: Tesla has depended on the rapidly-changing cost of electricity produced from renewable sources. If electricity from renewable sources were to increase in price beyond the"
1,Top-P,31.14,4.82,150,"The key financial risks mentioned in Tesla's annual report are:

1. Liabilities from long-term financings: Tesla has taken on significant debt, including $2.8 billion in convertible notes. Tesla has no cash to cover these payments, and the company may need to find ways to reduce its borrowings or generate cash from its operations.

2. Product defects: The company has received several recalls due to problems with its battery cells, electric motors, and other components. The recall has affected sales and reduced Tesla's profits.

3. Cybersecurity risks: Tesla has been hacked multiple times"
1,Temp 0.3,31.12,4.82,150,"Tesla's annual report mentions the following key financial risks:

1. Investment in infrastructure: Tesla invests heavily in building charging infrastructure for electric vehicles. This investment can be subject to fluctuations in demand for electric vehicles and the availability of funding.

2. Supply chain risks: Tesla's manufacturing operations are highly dependent on suppliers, and any disruptions in supply chain can result in delays and increased costs.

3. Competition: Tesla faces significant competition from established automakers and electric vehicle manufacturers. This competition can result in lower sales and revenue.

4. Regulatory"
1,Temp 0.7,31.49,4.76,150,"Tesla's annual report mentions the following key financial risks:

1. Investment risk: The company's investments in projects may not be successful, leading to losses.
2. Liquidity risk: If there is a lack of liquidity in the market, the company may not be able to access the funds it needs to pay its debts.
3. Debt and interest rate risk: If the company's debt levels increase, it may be harder to pay back its creditors.
4. Cyclical risks: Tesla's business may be affected by economic cycles, such as a downturn in the automotive industry or a recession"
1,Temp 1.2,31.0,4.55,141,"- Investing in foreign equities (33%)
- Risks associated with foreign economic and political conditions (22%)
- Risk of significant decline in market share and customer base compared to competitors (19%)
- High level of uncertainty in the investment and market conditions (16%)
- Geopolitical risks in emerging markets (no risk allocation given at this level)
- Risks associated with developing manufacturing facilities (no specific risk allocation given at this level)
- Risks associated with developing a new energy system and supplying power, including potential adverse impacts on the environment and ecosystem (4%)"
2,Greedy,31.05,4.83,150,"The World Bank assesses global economic growth prospects through various indicators and models. Here are some of the key indicators and models used by the World Bank:

1. Gross Domestic Product (GDP) - The World Bank uses GDP as a measure of global economic growth. It is calculated by adding up the value of all goods and services produced in a country during a specific period.

2. Real GDP growth - The World Bank also tracks the growth of real GDP, which is GDP adjusted for inflation. This measure is more accurate than GDP as it takes into account changes in prices and inflation.

3. Trade - The World Bank tracks trade flows, including exports and"
2,Beam Search,11.89,12.62,150,"The World Bank assesses global economic growth prospects by analyzing various indicators such as gross domestic product (GDP), inflation rates, unemployment rates, and foreign direct investment (FDI) inflows. The World Bank's Global Economic Prospects report provides a comprehensive assessment of global economic trends, including forecasts for GDP growth, inflation rates, unemployment rates, and FDI inflows. The report is based on a range of data sources, including official statistics, surveys, and economic modeling. The World Bank's assessment of global economic growth prospects helps policymakers and investors make informed decisions about investments, trade policies, and"
2,Top-K,29.71,5.05,150,"The World Bank assesses global economic growth prospects through a variety of measures, including:

1. Economic data: The World Bank tracks key economic indicators such as GDP, inflation rates, and labor markets to assess prospects for global economic development.

2. Macroeconomic analysis: The World Bank conducts macroeconomic analyses to assess the impact of potential shocks on global growth prospects, including global trade relations and geopolitical risks.

3. Cross-country indicators: The World Bank conducts regional studies to assess conditions across different regions of the world, including emerging markets and developing countries.

4. Country policy analysis: The World"
2,Top-P,29.55,5.08,150,"The World Bank assesses global economic growth prospects through various indicators, which include:

1. Gross Domestic Product (GDP): This is the amount of goods and services produced within a country in a given year. The World Bank uses data from the International Monetary Fund (IMF) to calculate GDP, which it then compares to other GDP figures for the period.

2. World Development Indicators (WDI): The World Bank publishes the WDI, which provides a comprehensive set of data related to various sectors, including agriculture, trade, and tourism. The WDI includes data on GDP, inflation, exports, and imports, among other indicators"
2,Temp 0.3,29.68,5.05,150,"The World Bank assesses global economic growth prospects through various indicators and forecasts. Here are some of the key indicators and forecasts used by the World Bank to assess global economic growth prospects:

1. Gross Domestic Product (GDP) growth: The World Bank uses GDP growth as a primary indicator of economic growth. It measures the change in the value of all final goods and services produced within a country over a specific period. The World Bank's GDP forecasts are based on a range of economic indicators, including inflation, trade, and investment.

2. Current Account Balance: The World Bank uses the current account balance to assess the balance of trade between a country and"
2,Temp 0.7,31.18,4.81,150,"The World Bank assesses global economic growth prospects through the following steps:

1. Surveys: The World Bank conducts surveys in various regions and countries to gather insights into the economic performance and outlook. This information is used to identify trends and patterns in economic activity.

2. Economic Modelling: The World Bank employs economic models to project global economic growth and develop forecasts for various regions and countries. These models take into account factors such as demographics, trade patterns, and geopolitical trends.

3. Monitoring: The World Bank monitors economic developments closely to assess the impact of policies and initiatives on the economy. This includes monitoring economic"
2,Temp 1.2,30.86,4.86,150,"The World Bank Assessment of Global Economic Prospects (GLOBE) estimates global economic growth prospects by conducting the most comprehensive forecasting exercise based on multiple financial and economic indicators.

The Bank's experts use advanced data analysis methods to provide reliable and robust projections across the globe. The GLOBE report combines multiple inputs including global trends, geopolitical factors, commodity prices, financial sector indicators, and business condition surveys to provide up-to-date economic predictions.

The GLOBE report is widely cited by investors, stakeholders, governments, and individuals, and its projections have proven predictive over the"
3,Greedy,32.15,4.67,150,"Interest rate changes have a significant impact on financial markets. Here are some of the ways in which interest rate changes affect financial markets:

1. Interest rates: Changes in interest rates affect the cost of borrowing for businesses and individuals. When interest rates are low, borrowing costs are lower, which makes it more attractive for businesses to borrow money. Conversely, when interest rates are high, borrowing costs are higher, making it more expensive for businesses to borrow money.

2. Interest rate spreads: Interest rate spreads are the difference between the interest rate charged by a lender and the interest rate charged by a borrower. When interest rates are low, the spread between"
3,Beam Search,11.99,12.51,150,"Interest rate changes have a significant impact on financial markets. Here are some of the ways in which interest rate changes affect financial markets:

1. Interest rates: Changes in interest rates affect the cost of borrowing for individuals and businesses. When interest rates are low, borrowing becomes more affordable, and people and businesses are willing to take on more debt. When interest rates are high, borrowing becomes more expensive, and people and businesses are reluctant to take on more debt.

2. Bond prices: Changes in interest rates affect the price of bonds. When interest rates are low, bonds become more attractive to investors, and their prices rise. When interest"
3,Top-K,31.13,4.82,150,"Interest rate changes have a significant impact on financial markets. Here are some of the ways interest rates affect financial markets:

1. Price of debt: As the interest rate in a loan decreases, the price of that debt will rise. When this happens, the loan is considered riskier as the return on the fixed interest amount changes. A rise in the interest rate can make borrowers seek better terms and compensate for the higher interest payments.

2. Funding costs: Interest rates impact the cost of capital for companies, which is the total value of new capital raised by a company. Lower interest rates reduce borrowing costs, making it more cost-effective for companies to raise money. In"
3,Top-P,29.82,5.03,150,"The impact of interest rate changes on financial markets depends on a variety of factors, including the type of interest rate, the rate of inflation, and the overall state of the economy.

If the interest rate increases, it can have several effects on financial markets:

1. Investors may seek higher-yielding investments with lower interest rates. For example, corporate bonds, savings accounts, and money market funds might see a rise in demand.

2. As interest rates rise, the cost of borrowing becomes more expensive, making it more expensive for businesses to obtain loans. This can lead to increased borrowing costs for businesses, which can impact their ability to invest in"
3,Temp 0.3,29.63,5.06,150,"Interest rate changes can have a significant impact on financial markets. Here are some of the ways interest rate changes affect financial markets:

1. Interest Rates: Changes in interest rates can affect the interest rates that banks charge on loans and deposits. When interest rates are low, banks may offer lower interest rates to attract more customers and attract more deposits. This can lead to a rise in the demand for loans and deposits, which can cause inflation.

2. Bond Prices: Changes in interest rates can also affect bond prices. When interest rates are low, bond prices rise, as investors are willing to pay more for a bond that offers a higher yield. This can lead to"
3,Temp 0.7,29.46,5.09,150,"Interest rate changes can have a significant impact on financial markets. Here's how:

1. Increase in interest rates: When interest rates increase, the cost of borrowing increases, making it more expensive for individuals and companies to borrow money. This can lead to a decline in interest rates for high-quality assets, such as Treasury bonds and government-backed securities, and a surge in demand for low-quality assets, such as high-risk assets.

2. Decrease in interest rates: When interest rates decrease, the cost of borrowing becomes cheaper, making it more attractive for individuals and companies to borrow money. This can lead to an increased"
3,Temp 1.2,29.92,5.01,150,"Interest rate changes significantly impact financial markets in several ways:

1. Investor behaviour: Changes in interest rates affect the psychology and investor behaviour of people in general, especially those who invest in bonds, loans and other products that depend on certain interest rates as the principal interest of those products are based on the prevailing interest rates of the market. Any changes in interest rates cause investors to reevaluate these product offerings, and in some cases, this could lead to changes in prices.

2. Market sentiment: Changes in interest rates can have a significant impact on market sentiment as investors typically look at current market moves as a sign of future market directions or actions by central banks"
