prompt,response
What are the key financial risks mentioned in Tesla's annual report?,"Tesla's Annual Report for Fiscal Year Ended September 30, 2019:"
How does the World Bank assess global economic growth prospects?,"The World Bank assesses global economic growth prospects by analyzing a range of factors, including:

1. Input-output tables: These tables provide information on the production and consumption patterns in different sectors of the economy, allowing for an estimate of future demand levels based on projected productivity gains.
2. Output gap analysis: This methodology identifies the current output gap (the difference between actual and potential output) as a measure of the amount of additional output needed to meet new or increased demand.
3. Industrial production data: The World Bank uses this data to compare trends over time to assess changes in industrial capacity utilization, which is used as a proxy for industrial growth.
4. Trade balance indicators: The trade balance indicates whether imports exceed exports; if so, there may be excessive government spending that can lead to inflationary pressures. If it's positive, there could be deficits from high government expend"
What is the impact of interest rate changes on financial markets?,"Interest rate changes can have a significant impact on financial markets. Interest rates are determined by central banks, and their actions affect both short-term and long-term borrowing costs for individuals, businesses, and governments. Here's how this works:

1. Short-Term Borrowing Costs - If a central bank raises or lowers its policy rate (the benchmark rate at which it lends money to commercial banks), it increases the cost of borrowing from other institutions such as corporations, government agencies, and investors. This means that more expensive loans become available to these entities, pushing up their borrowing costs. The higher borrowing costs reduce the demand for assets like stocks, bonds, real estate, etc., leading to lower prices in those markets.

2. Long-Term Borrowing Costs - If a central bank reduces its policy rate, it lowers the cost of borrowing for longer term"
